SYMBOL,OPEN,HIGH,LOW,PREV. CLOSE,LTP,INDICATIVE CLOSE,CHANGE,% CHANGE,VOLUME (shares),VALUE (₹ Crores),52 WEEK HIGH,52 WEEK LOW,30 D %CHNG,365 D %CHNG
"NIFTY 500","23,248.05","23,260.40","23,124.10","23,254.15","23,156.20","-","-97.95","-0.42","2211977774","64,552.68","24,144.20","20,385.65","-2.34","1.43"
"IFCI","104.90","107.36","101.40","101.38","102.29","-","0.91","0.9","207830587","2,158.11","107.50","46.23","38.27","95.1"
"SYRMA","1,458.50","1,645.00","1,458.30","1,457.30","1,627.00","-","169.7","11.64","13079561","2,082.51","1,645.00","634.50","14.2","95.73"
"BSE","3,430.00","3,474.50","3,420.00","3,409.80","3,446.20","-","36.4","1.07","3952983","1,361.96","4,446.80","2,021.50","-0.32","48.57"
"RELIANCE","1,323.10","1,324.20","1,301.90","1,322.00","1,309.50","-","-12.5","-0.95","10210522","1,336.38","1,611.80","1,249.80","-1.9","-4.76"
"ICICIBANK","1,428.00","1,434.40","1,422.60","1,423.20","1,427.50","-","4.3","0.3","8035111","1,146.47","1,480.00","1,187.60","0.46","1.76"
"BHARTIARTL","1,845.00","1,855.50","1,830.40","1,840.00","1,854.00","-","14","0.76","5972458","1,100.17","2,174.50","1,740.50","-5.4","-2.18"
"IDEA","15.09","15.68","15.06","15.02","15.60","-","0.58","3.86","695355022","1,078.50","15.68","6.58","22.55","115.77"
"SBIN","1,020.80","1,021.70","1,000.60","1,016.10","1,005.90","-","-10.2","-1","10220001","1,028.31","1,234.70","803.65","-8.32","24.71"
"WOCKPHARMA","2,112.50","2,236.00","2,076.20","2,088.70","2,212.80","-","124.1","5.94","4319658","941.68","2,422.30","1,086.70","9.49","49.63"
"HDFCBANK","712.10","713.00","707.05","712.10","710.50","-","-1.6","-0.22","12180390","865.33","1,020.50","698.50","-2.8","-26.25"
"INFY","1,109.50","1,109.90","1,085.00","1,130.00","1,087.50","-","-42.5","-3.76","7668346","839.05","1,728.00","982.40","-7.45","-24.72"
"SWIGGY","277.70","280.50","274.65","276.10","276.45","-","0.35","0.13","23743792","659.41","474.00","235.75","-1.53","-37.03"
"MCX","3,276.90","3,374.40","3,276.90","3,275.40","3,330.20","-","54.8","1.67","1889368","630.76","3,480.00","1,496.00","26.24","118.93"
"SAIL","196.99","196.99","187.30","196.80","187.90","-","-8.9","-4.52","32633382","619.32","209.70","124.00","6.41","45.37"
"ATHERENERG","1,575.00","1,618.00","1,561.10","1,584.00","1,599.30","-","15.3","0.97","3789386","604.62","1,744.00","485.00","7.95","220.28"
"KEI","4,850.00","4,871.00","4,678.00","4,850.00","4,704.00","-","-146","-3.01","1220350","576.59","5,899.00","3,728.70","-16","16.5"
"COALINDIA","416.60","420.30","413.30","415.35","418.85","-","3.5","0.84","13592701","567.50","491.25","369.60","0.87","6.67"
"M&M","3,154.10","3,178.00","3,145.00","3,170.00","3,160.00","-","-10","-0.32","1715004","542.63","3,839.90","2,896.00","-9.77","-11.27"
"NIACL","233.90","242.60","224.31","229.91","229.22","-","-0.69","-0.3","23442397","539.85","242.60","116.97","29.42","17.68"
"DIXON","14,227.00","14,429.00","13,937.00","14,240.00","14,180.00","-","-60","-0.42","377556","534.51","18,471.00","9,600.00","-0.14","-20.58"
"MARUTI","12,691.00","12,833.00","12,618.00","12,694.00","12,760.00","-","66","0.52","413778","527.92","17,370.00","12,201.00","-9.1","-14.33"
"TCS","2,290.10","2,299.90","2,260.10","2,304.00","2,270.00","-","-34","-1.48","2297551","522.30","3,350.00","1,976.80","-7.45","-25.53"
"NETWEB","5,215.00","5,306.50","5,135.00","5,193.00","5,175.50","-","-17.5","-0.34","975374","507.97","5,813.00","2,513.60","4.78","68.07"
"LT","3,962.00","4,004.90","3,960.90","3,964.10","3,999.00","-","34.9","0.88","1256683","500.25","4,440.00","3,288.10","-1.41","12.53"
"SOLARINDS","21,450.00","22,200.00","21,450.00","21,445.00","21,950.00","-","505","2.35","227176","497.83","22,200.00","11,646.00","17.69","57.74"
"POLYCAB","8,310.00","8,361.50","8,175.00","8,300.00","8,261.00","-","-39","-0.47","568946","468.14","10,126.00","6,663.00","-10.38","14.29"
"DIVISLAB","9,119.50","9,315.00","9,119.50","9,100.00","9,315.00","-","215","2.36","502162","464.93","9,467.00","5,636.50","12.57","55.02"
"TATASTEEL","189.00","190.24","184.37","188.79","185.61","-","-3.18","-1.68","23695657","439.70","224.40","160.06","-1.03","10.69"
"ZYDUSWELL","537.30","581.00","536.65","531.70","551.50","-","19.8","3.72","7627303","431.26","611.85","367.55","3.31","13.62"
"KAYNES","3,588.80","3,734.80","3,571.10","3,598.00","3,604.00","-","6","0.17","1148533","420.02","7,705.00","2,995.00","-6.54","-47.32"
"GROWW","194.75","196.60","191.01","194.00","194.78","-","0.78","0.4","21419848","416.87","227.20","112.00","2.25","0"
"ETERNAL","325.75","325.75","319.70","322.75","320.80","-","-1.95","-0.6","12845170","413.77","368.45","212.60","1.84","-2.54"
"WELCORP","2,584.90","2,674.80","2,536.80","2,590.60","2,600.00","-","9.4","0.36","1503451","394.38","2,676.00","710.00","41.32","206.19"
"BALRAMCHIN","695.00","722.00","695.00","690.60","707.00","-","16.4","2.37","5509645","391.63","780.95","393.55","11.61","28.67"
"CARTRADE","3,004.00","3,250.00","3,004.00","3,000.20","3,176.80","-","176.6","5.89","1233314","390.92","3,290.50","1,600.00","13.74","21.7"
"GRASIM","3,322.00","3,327.70","3,293.00","3,322.00","3,302.40","-","-19.6","-0.59","1179298","389.71","3,411.10","2,502.50","-0.62","17.77"
"CDSL","1,392.10","1,438.00","1,383.80","1,394.60","1,414.90","-","20.3","1.46","2731594","388.31","1,673.70","1,116.30","6.54","-7.12"
"BAJFINANCE","1,064.00","1,070.00","1,054.30","1,060.50","1,060.00","-","-0.5","-0.05","3586860","379.90","1,176.40","787.90","-1.67","13.05"
"PVRINOX","1,199.10","1,199.10","1,125.70","1,227.20","1,152.00","-","-75.2","-6.13","3208552","369.90","1,284.50","907.40","-0.35","0.5"
"ZEEL","88.00","89.00","85.42","91.61","85.73","-","-5.88","-6.42","42609965","369.85","121.80","68.00","-8.98","-26.03"
"EICHERMOT","7,658.00","7,729.00","7,615.00","7,630.50","7,672.00","-","41.5","0.54","466050","358.55","8,230.00","6,411.50","-4.34","16.59"
"CGPOWER","902.00","912.05","894.25","891.00","895.00","-","4","0.45","3937949","355.63","980.90","525.50","1.82","21.55"
"ANANTRAJ","622.00","644.80","615.20","625.45","637.35","-","11.9","1.9","5173652","328.76","743.65","403.00","3.48","19.08"
"MEESHO","209.98","211.24","205.75","209.00","209.49","-","0.49","0.23","15413416","323.16","254.40","125.56","9.48","0"
"TECHM","1,575.10","1,593.60","1,545.30","1,596.90","1,564.00","-","-32.9","-2.06","2028588","316.19","1,854.00","1,304.10","-4.34","5.83"
"RRKABEL","2,430.80","2,484.00","2,353.70","2,454.10","2,388.70","-","-65.4","-2.66","1299097","311.53","2,983.80","1,181.60","-13.44","98.02"
"IIFL","649.00","667.00","635.30","651.15","655.00","-","3.85","0.59","4742061","309.34","705.00","409.10","7.07","50.57"
"GLAND","2,929.60","3,042.00","2,916.90","2,932.40","2,972.00","-","39.6","1.35","1031320","307.97","3,042.00","1,573.60","14.26","57.07"
"HINDCOPPER","521.60","521.60","506.60","521.65","509.95","-","-11.7","-2.24","5991278","307.15","760.05","240.30","-4.88","108.8"
"KOTAKBANK","421.80","425.70","421.00","424.50","422.10","-","-2.4","-0.57","7148641","302.34","453.20","345.50","8.02","8.48"
"PAYTM","1,659.60","1,669.30","1,642.00","1,659.50","1,664.00","-","4.5","0.27","1822600","301.89","1,732.30","930.60","15.43","32.62"
"SUNPHARMA","1,899.00","1,907.80","1,883.10","1,899.00","1,895.00","-","-4","-0.21","1579345","298.70","2,046.90","1,548.00","-2.57","18.91"
"MANAPPURAM","332.35","332.35","323.15","339.70","325.60","-","-14.1","-4.15","9089525","296.71","381.55","245.15","-11.22","14.45"
"HAL","4,884.80","4,909.90","4,835.40","4,856.00","4,855.20","-","-0.8","-0.02","602641","293.67","5,149.90","3,479.10","-1.12","10.23"
"ADANIENT","2,940.00","2,964.40","2,918.50","2,938.00","2,950.00","-","12","0.41","981218","288.30","3,245.00","1,753.00","-2.32","33.19"
"TRENT","2,850.00","2,854.40","2,772.50","2,853.00","2,814.50","-","-38.5","-1.35","1021019","286.17","3,782.67","2,183.67","-6.09","-23.64"
"BHARATFORG","1,953.00","1,955.90","1,927.30","1,956.00","1,955.00","-","-1","-0.05","1414192","274.90","2,295.00","1,128.00","-13.69","71.99"
"APOLLOHOSP","8,682.00","8,840.50","8,650.00","8,650.00","8,760.00","-","110","1.27","303793","265.70","9,050.00","6,696.50","-2.07","12.24"
"BOSCHLTD","46,750.00","48,550.00","46,535.00","46,820.00","48,025.00","-","1205","2.57","54963","263.24","50,000.00","28,610.00","11.82","17.39"
"RVNL","215.08","216.45","209.36","212.49","210.05","-","-2.44","-1.15","12205275","260.34","400.70","203.83","-10","-36.23"
"HCLTECH","1,271.70","1,286.80","1,263.00","1,293.40","1,282.80","-","-10.6","-0.82","2008363","255.67","1,780.10","1,030.00","-5.44","-9.6"
"MOTHERSON","160.50","164.65","160.12","160.70","162.00","-","1.3","0.81","15669796","255.40","173.27","93.49","-3.86","71.25"
"BEL","406.35","409.25","404.00","405.35","404.00","-","-1.35","-0.33","5965784","242.42","473.45","368.50","0.75","8.95"
"ZYDUSLIFE","1,114.20","1,163.00","1,114.10","1,120.00","1,156.90","-","36.9","3.29","2107281","241.98","1,205.00","835.50","3.83","14.11"
"ULTRACEMCO","11,370.00","11,370.00","11,175.00","11,408.00","11,175.00","-","-233","-2.04","214788","241.12","13,110.00","10,325.00","-7.68","-11.32"
"TITAN","5,010.00","5,028.00","4,958.50","5,020.00","4,995.00","-","-25","-0.5","480336","239.32","5,186.70","3,303.10","1.09","36.28"
"JIOFIN","239.00","239.30","234.40","239.50","234.40","-","-5.1","-2.13","10127575","238.71","321.60","223.30","-8.72","-24.24"
"TEJASNET","615.00","616.20","590.05","614.15","592.95","-","-21.2","-3.45","3912391","234.24","644.75","294.00","15.48","0.8"
"PFC","355.75","359.15","353.00","355.60","353.10","-","-2.5","-0.7","6560499","232.70","486.50","329.90","-15.93","-10.47"
"PWL","127.47","130.32","126.54","126.42","129.50","-","3.08","2.44","18012338","232.02","161.99","77.72","-1.59","0"
"COFORGE","1,958.00","1,958.60","1,920.40","1,972.80","1,935.00","-","-37.8","-1.92","1187703","229.92","2,021.20","1,008.10","8.95","16.69"
"ANGELONE","300.90","307.00","298.05","299.80","303.80","-","4","1.33","7522794","229.12","360.45","208.63","4.04","32.27"
"GODREJCP","878.50","879.05","857.10","878.00","861.90","-","-16.1","-1.83","2647422","228.30","1,309.00","857.10","-17.91","-30.01"
"KALYANKJIL","600.00","602.75","590.00","598.80","591.00","-","-7.8","-1.3","3808474","226.74","648.95","327.05","-2.52","17.74"
"PERSISTENT","5,610.00","5,622.00","5,522.00","5,643.00","5,540.00","-","-103","-1.83","404979","225.09","6,599.00","4,244.50","1.19","7.95"
"HINDZINC","597.85","598.00","587.50","601.00","589.15","-","-11.85","-1.97","3801807","224.60","733.00","430.75","-2.3","33.87"
"UNIONBANK","186.50","188.45","183.20","187.22","186.04","-","-1.18","-0.63","12010754","221.38","205.49","125.45","1.33","46.1"
"POLICYBZR","1,830.00","1,843.20","1,752.30","1,836.00","1,792.00","-","-44","-2.4","1228810","220.23","1,974.00","1,364.00","11.69","-1.67"
"OFSS","12,105.00","12,110.00","11,679.00","12,058.00","11,847.00","-","-211","-1.75","185270","218.53","12,540.00","6,234.50","0.36","43.08"
"LENSKART","688.95","697.25","684.50","684.90","688.60","-","3.7","0.54","3142143","216.47","697.25","356.10","20.87","0"
"NAM-INDIA","1,158.80","1,196.00","1,152.00","1,159.90","1,195.00","-","35.1","3.03","1817884","214.00","1,269.50","794.00","1.62","49.74"
"LAURUSLABS","1,840.00","1,876.70","1,832.70","1,840.00","1,876.70","-","36.7","1.99","1148664","213.58","1,949.00","823.10","1.76","113.1"
"VBL","406.00","407.60","404.00","407.60","405.95","-","-1.65","-0.4","5062827","205.20","555.80","381.00","-8.16","-13.56"
"ADANIPOWER","207.10","208.65","204.16","207.20","204.49","-","-2.71","-1.31","9839611","202.49","254.20","120.00","-2.16","67.7"
"SBILIFE","1,775.00","1,775.00","1,727.80","1,775.00","1,732.00","-","-43","-2.42","1155352","201.76","2,132.00","1,700.40","-6.66","-4.06"
"AXISBANK","1,271.00","1,271.90","1,261.60","1,273.00","1,266.00","-","-7","-0.55","1592707","201.62","1,418.30","1,047.30","2.26","19.9"
"TMCV","459.00","461.90","454.15","458.20","460.00","-","1.8","0.39","4403689","201.59","509.00","306.30","1.52","0"
"VMM","106.15","106.57","103.06","106.14","104.00","-","-2.14","-2.02","19261503","200.44","155.32","98.77","-4.34","-31.79"
"TMPV","311.50","312.00","307.00","311.50","307.00","-","-4.5","-1.44","6493351","200.36","739.70","294.30","-11.53","-55.62"
"ADANIPORTS","1,714.00","1,716.40","1,685.90","1,707.30","1,694.30","-","-13","-0.76","1175225","199.86","1,891.10","1,292.00","0.05","28.18"
"REDINGTON","371.05","381.60","370.00","371.30","378.10","-","6.8","1.83","5166393","195.40","381.60","191.31","6.55","59.66"
"ADANIENSOL","1,412.70","1,418.50","1,387.80","1,409.60","1,390.40","-","-19.2","-1.36","1342576","187.92","1,789.00","744.90","-14.7","83.93"
"HEROMOTOCO","5,300.00","5,347.50","5,270.00","5,300.00","5,270.00","-","-30","-0.57","354258","187.84","6,388.50","4,671.50","-7.95","-1.73"
"POWERGRID","266.00","268.80","264.25","266.00","266.45","-","0.45","0.17","7015606","187.66","324.95","250.00","-1.9","-6.62"
"SHRIRAMFIN","1,045.00","1,046.10","1,029.30","1,041.00","1,037.00","-","-4","-0.38","1812019","187.61","1,153.70","583.90","-7","75.02"
"WIPRO","175.89","176.47","172.65","176.40","172.80","-","-3.6","-2.04","10720636","186.13","273.10","169.00","-7.85","-29.08"
"HINDALCO","1,011.10","1,014.80","999.80","1,011.00","1,006.00","-","-5","-0.49","1848438","185.66","1,176.00","731.95","-5.06","35.25"
"SBICARD","653.10","674.65","648.75","658.25","674.65","-","16.4","2.49","2781077","184.28","965.00","565.45","2.37","-14.76"
"MAXHEALTH","983.00","994.90","974.00","984.80","992.00","-","7.2","0.73","1854549","183.17","1,221.90","903.00","-7.29","-15.21"
"HSCL","666.00","687.00","666.00","671.05","674.40","-","3.35","0.5","2666117","180.51","819.50","418.50","-10.4","48.28"
"PINELABS","168.00","168.48","163.85","166.37","164.68","-","-1.69","-1.02","10783461","178.79","284.00","134.73","6.63","0"
"ASHOKLEY","170.00","172.13","168.40","169.00","170.00","-","1","0.59","10426646","177.21","215.42","126.54","-4.23","30"
"INDIGO","4,950.00","5,008.00","4,944.00","4,977.00","5,001.00","-","24","0.48","354874","176.88","5,970.00","3,895.20","-6.23","-11.8"
"TATAPOWER","366.90","369.80","363.00","368.00","365.70","-","-2.3","-0.63","4849767","176.84","464.90","342.50","-3.9","-5.21"
"ITC","264.10","264.95","262.95","264.10","263.50","-","-0.6","-0.23","6688002","176.32","427.00","255.50","-7.9","-35.31"
"FEDERALBNK","343.00","343.00","337.60","343.00","342.00","-","-1","-0.29","5174214","176.26","371.70","188.40","-4","79.51"
"CGCL","282.70","287.45","273.10","279.90","273.80","-","-6.1","-2.18","6271786","175.52","287.45","151.10","18.91","48.42"
"GAIL","173.40","177.30","172.80","173.40","176.00","-","2.6","1.5","9910348","174.10","186.87","134.36","1.36","1.17"
"NTPC","332.50","333.80","330.35","332.50","332.00","-","-0.5","-0.15","5245813","173.98","414.40","315.55","-3.07","1"
"BHEL","432.90","434.95","418.55","431.10","421.45","-","-9.65","-2.24","4092933","173.53","446.50","209.60","4.01","98.46"
"LUPIN","2,121.10","2,135.50","2,095.60","2,110.00","2,105.00","-","-5","-0.24","819621","172.70","2,529.50","1,900.00","-10.94","8.29"
"JSWSTEEL","1,334.30","1,335.00","1,301.00","1,325.00","1,302.00","-","-23","-1.74","1276231","167.62","1,351.00","1,063.00","0.19","21.33"
"INDUSTOWER","379.25","383.75","376.00","376.80","376.45","-","-0.35","-0.09","4311184","163.37","481.50","321.60","-2.47","11.57"
"MOTILALOFS","1,037.00","1,058.90","1,031.40","1,037.00","1,055.00","-","18","1.74","1551861","163.09","1,097.10","614.90","21.26","20.84"
"POWERINDIA","31,635.00","32,175.00","31,635.00","31,650.00","31,775.00","-","125","0.39","50681","161.80","38,785.00","16,111.00","-2.53","68.57"
"BANKBARODA","240.00","240.90","235.20","239.00","237.00","-","-2","-0.84","6824391","161.66","325.50","231.72","-5.46","1.17"
"LTM","4,500.00","4,519.40","4,405.00","4,554.00","4,448.00","-","-106","-2.33","361825","160.62","6,429.50","3,528.00","-4.51","-14.39"
"CHOLAFIN","1,838.60","1,848.20","1,798.30","1,839.00","1,848.20","-","9.2","0.5","876074","160.03","1,952.50","1,299.40","-0.96","23.97"
"CUB","235.50","248.85","234.20","236.01","237.60","-","1.59","0.67","6586154","159.84","248.85","145.13","12.08","58.35"
"APLAPOLLO","2,250.00","2,255.00","2,198.80","2,250.00","2,215.00","-","-35","-1.56","709214","157.31","2,301.40","1,648.30","12.44","33.06"
"BRITANNIA","5,126.00","5,126.00","5,005.50","5,101.50","5,042.50","-","-59","-1.16","307760","155.20","6,336.00","5,005.50","-8.48","-17.01"
"JPPOWER","16.29","17.14","16.09","16.29","16.75","-","0.46","2.82","91476432","152.86","24.50","13.15","-6.63","-12.17"
"INDHOTEL","719.90","720.45","709.20","720.00","716.20","-","-3.8","-0.53","2137419","152.51","792.55","565.00","-2.02","-7.56"
"JSWENERGY","539.90","541.25","528.00","539.85","530.00","-","-9.85","-1.82","2738335","146.06","617.35","427.75","-6.09","5.14"
"TVSMOTOR","4,127.00","4,159.90","4,100.70","4,133.10","4,132.00","-","-1.1","-0.03","353313","145.94","4,484.50","3,228.00","-6.96","18.85"
"GODREJPROP","1,982.00","1,984.00","1,891.10","1,982.00","1,922.20","-","-59.8","-3.02","752808","144.78","2,352.00","1,434.00","-7.14","-2.02"
"RBLBANK","416.00","418.25","407.85","414.35","415.00","-","0.65","0.16","3484526","144.13","418.25","261.60","6.46","50.36"
"NYKAA","331.00","339.75","330.10","332.50","332.70","-","0.2","0.06","4285910","143.94","349.55","227.90","0.21","37.12"
"MFSL","1,537.50","1,544.30","1,510.00","1,548.40","1,520.00","-","-28.4","-1.83","938109","143.05","1,892.50","1,433.60","1.51","-3.64"
"INDUSINDBK","1,004.10","1,017.90","995.00","1,008.50","998.00","-","-10.5","-1.04","1418742","142.56","1,077.85","710.60","-2.35","31.83"
"PPLPHARMA","214.23","221.80","213.12","214.22","219.50","-","5.28","2.46","6407335","140.24","221.80","132.30","4.75","9.39"
"HINDUNILVR","1,972.00","1,974.20","1,958.00","1,973.40","1,960.00","-","-13.4","-0.68","713057","140.18","2,750.00","1,950.40","-6.49","-25.57"
"DATAPATTNS","4,569.10","4,644.00","4,554.30","4,585.00","4,604.50","-","19.5","0.43","304258","140.05","5,000.00","2,131.00","5.11","85.91"
"ENRIN","3,115.80","3,185.00","3,111.60","3,115.70","3,115.00","-","-0.7","-0.02","441448","139.19","3,968.00","2,115.00","-14.63","-9.07"
"TATACONSUM","1,014.00","1,019.90","1,004.00","1,010.00","1,015.00","-","5","0.5","1368015","138.75","1,282.70","1,004.00","-6.22","-5.35"
"HINDPETRO","355.00","356.90","349.55","356.50","356.90","-","0.4","0.11","3859485","136.36","508.45","316.20","-9.2","-6.96"
"OIL","490.80","492.75","481.45","488.30","487.00","-","-1.3","-0.27","2811694","136.27","531.00","390.00","9.98","22.86"
"NMDC","85.29","85.63","83.54","84.70","83.85","-","-0.85","-1","15859358","133.50","97.49","72.24","-1.26","12.51"
"SUPREMEIND","3,475.00","3,603.10","3,470.10","3,475.00","3,598.00","-","123","3.54","370941","132.59","4,642.70","3,140.00","4.53","-21.4"
"MAZDOCK","2,490.00","2,505.30","2,434.10","2,475.00","2,454.20","-","-20.8","-0.84","535900","132.14","3,061.40","2,057.40","-2.41","-8.11"
"VEDL","272.10","272.50","267.00","272.10","268.00","-","-4.1","-1.51","4892640","131.59","795.00","249.70","-3.89","-39.84"
"SUZLON","45.41","45.55","44.85","45.35","45.55","-","0.2","0.44","28911783","131.00","61.50","38.19","-5.4","-21.29"
"WELSPUNLIV","210.00","216.00","209.02","208.51","212.92","-","4.41","2.12","6124120","130.38","216.00","107.10","29.76","86.74"
"GVT&D","4,334.50","4,389.10","4,321.10","4,306.30","4,367.20","-","60.9","1.41","295967","128.95","5,650.00","2,523.20","1.59","58.87"
"APARINDS","17,501.00","17,793.00","17,307.00","17,421.00","17,749.00","-","328","1.88","73366","128.52","18,465.00","6,801.00","6.72","128.28"
"PNB","116.41","117.17","115.55","117.00","115.60","-","-1.4","-1.2","11062919","128.46","135.15","98.50","0.69","11.42"
"ONGC","235.98","235.98","232.77","234.65","233.70","-","-0.95","-0.4","5391548","125.94","307.50","227.65","-2.16","-0.18"
"NESTLEIND","1,401.00","1,405.70","1,392.90","1,410.50","1,398.00","-","-12.5","-0.89","897310","125.46","1,553.00","1,145.00","-9.22","15.68"
"BAJAJ-AUTO","11,810.00","11,860.00","11,727.00","11,919.00","11,800.00","-","-119","-1","106111","125.03","12,470.00","8,491.50","1.18","29.89"
"TITAGARH","878.75","901.55","866.00","871.85","891.30","-","19.45","2.23","1383593","123.17","971.00","568.70","5.17","6.11"
"GESHIP","1,369.00","1,389.20","1,352.00","1,369.70","1,372.00","-","2.3","0.17","888277","122.02","1,798.00","948.40","2.25","41.28"
"NATIONALUM","376.05","377.50","365.90","374.10","365.90","-","-8.2","-2.19","3280288","121.29","445.15","198.68","-3.96","72.48"
"RECLTD","319.00","321.40","316.05","318.70","316.40","-","-2.3","-0.72","3769684","120.09","390.50","304.05","-13.79","-13.59"
"CANBK","125.80","126.35","124.00","125.50","124.00","-","-1.5","-1.2","9628580","119.91","162.89","105.61","-6.03","15.74"
"INOXWIND","74.50","75.99","73.66","74.40","75.60","-","1.2","1.61","15134302","113.79","159.30","68.00","-3.08","-48.16"
"PIRAMALFIN","2,221.20","2,290.80","2,209.90","2,225.00","2,275.00","-","50","2.25","500739","113.60","2,324.00","1,260.00","7.84","0"
"HFCL","239.00","243.01","237.61","231.44","243.01","-","11.57","5","4679636","113.26","256.70","59.82","16.84","247.95"
"DMART","3,757.00","3,768.90","3,682.30","3,770.00","3,710.00","-","-60","-1.59","303872","112.63","4,949.50","3,529.00","-4.87","-22.6"
"HYUNDAI","2,195.00","2,224.50","2,190.20","2,205.00","2,210.00","-","5","0.23","508562","112.29","2,890.00","1,658.00","0.43","-13.05"
"TORNTPHARM","4,857.00","4,915.00","4,823.00","4,857.00","4,914.00","-","57","1.17","229459","112.06","5,250.00","3,480.60","-0.2","37.3"
"LICI","418.70","419.60","410.25","415.35","411.50","-","-3.85","-0.93","2694855","111.51","468.48","360.75","4.44","-6.2"
"ASTRAL","1,482.70","1,501.50","1,482.20","1,492.90","1,498.20","-","5.3","0.36","742651","110.96","1,768.70","1,311.60","3.75","2.98"
"NAUKRI","1,319.00","1,321.80","1,284.40","1,319.80","1,302.50","-","-17.3","-1.31","856453","110.59","1,433.60","908.30","6.3","-3.3"
"OLAELEC","38.00","38.70","37.43","38.20","38.10","-","-0.1","-0.26","28426081","108.33","71.25","22.25","-7.23","-36.42"
"MUTHOOTFIN","2,899.00","2,920.00","2,871.20","2,913.80","2,880.00","-","-33.8","-1.16","370903","107.42","4,149.50","2,671.00","-0.35","1.48"
"HDBFS","682.70","687.15","675.40","682.70","683.95","-","1.25","0.18","1539050","105.18","801.10","555.30","2.75","-11.07"
"MAHABANK","86.10","87.50","84.70","85.95","85.00","-","-0.95","-1.11","12286857","105.14","94.50","51.84","8.58","61.63"
"TEGA","1,560.00","1,638.00","1,540.10","1,548.00","1,612.00","-","64","4.13","634918","101.96","2,125.00","1,473.00","-0.84","-21.91"
"BEML","2,067.00","2,125.00","2,060.70","2,057.80","2,091.10","-","33.3","1.62","487014","101.77","2,275.75","1,355.00","16.96","2.43"
"UPL","580.10","586.75","573.00","582.15","573.00","-","-9.15","-1.57","1754057","101.77","812.20","557.95","0","-16.82"
"CUMMINSIND","5,035.00","5,072.00","4,985.00","5,035.00","5,030.00","-","-5","-0.1","201783","101.46","6,100.00","3,833.00","-7.3","27.77"
"HAVELLS","1,159.60","1,159.70","1,140.00","1,154.00","1,150.00","-","-4","-0.35","882205","101.21","1,621.10","1,123.60","-10.71","-27.33"
"BDL","1,258.00","1,267.00","1,240.00","1,255.00","1,241.70","-","-13.3","-1.06","807688","101.10","1,654.00","1,086.00","-4.04","-13.97"
"WAAREEENER","2,626.00","2,653.00","2,590.00","2,635.00","2,593.00","-","-42","-1.59","382404","99.95","3,865.00","2,403.00","-4.56","-19.46"
"AUBANK","1,065.00","1,066.80","1,046.90","1,065.00","1,053.00","-","-12","-1.13","939647","99.28","1,144.10","682.15","-1.31","51.66"
"ABCAPITAL","404.00","404.75","399.50","404.90","403.25","-","-1.65","-0.41","2451987","98.56","430.70","275.80","-1.18","43.45"
"BAJAJFINSV","1,968.00","1,973.00","1,938.60","1,970.00","1,938.60","-","-31.4","-1.59","502611","98.29","2,195.00","1,597.00","-3.5","-3.76"
"BIOCON","396.50","397.35","388.65","397.40","391.40","-","-6","-1.51","2488189","97.57","447.15","337.05","-8.2","7.62"
"HEG","260.00","273.00","250.00","728.25","273.00","-","13","5","3615221","96.24","753.90","250.00","-59.5","-44.56"
"DABUR","380.90","381.80","373.80","380.90","375.50","-","-5.4","-1.42","2530210","95.06","577.00","373.80","-8.41","-31.32"
"PIDILITIND","1,625.90","1,628.90","1,575.00","1,629.50","1,575.00","-","-54.5","-3.34","591643","94.68","1,707.50","1,259.00","-5.12","1.77"
"JYOTICNC","1,002.50","1,024.85","998.05","1,003.90","1,020.20","-","16.3","1.62","927422","93.95","1,055.90","580.10","30.08","13.77"
"COCHINSHIP","1,498.20","1,520.40","1,490.10","1,499.10","1,506.40","-","7.3","0.49","615515","93.04","1,979.90","1,187.00","-0.88","-8.82"
"IDFCFIRSTB","86.29","86.79","85.90","86.71","86.44","-","-0.27","-0.31","10617041","91.63","88.76","58.08","2.15","19.06"
"SONACOMS","786.95","790.85","778.00","789.00","788.00","-","-1","-0.13","1159441","91.12","844.00","402.30","-3.67","78.64"
"ENGINERSIN","281.05","283.75","272.75","279.45","277.00","-","-2.45","-0.88","3272902","90.95","289.65","163.55","15.13","37.67"
"AMBER","7,465.00","7,473.50","7,390.00","7,474.00","7,439.00","-","-35","-0.47","122437","90.93","8,974.00","5,400.50","0.05","-4.55"
"FORCEMOT","17,521.00","17,947.00","17,501.00","17,500.00","17,829.00","-","329","1.88","51095","90.84","26,450.00","14,911.00","-3.63","0.59"
"LICHSGFIN","563.15","567.60","548.00","562.05","552.00","-","-10.05","-1.79","1618855","90.45","598.20","458.90","9.47","-0.4"
"MPHASIS","2,409.90","2,409.90","2,340.30","2,422.00","2,369.10","-","-52.9","-2.18","382610","90.29","3,037.20","2,013.00","-4.28","-15.31"
"FINCABLES","1,212.00","1,252.00","1,211.10","1,220.20","1,225.00","-","4.8","0.39","732032","89.93","1,374.00","700.80","19.55","44.72"
"GRANULES","844.50","873.85","842.20","848.30","867.00","-","18.7","2.2","1033026","89.43","910.00","507.30","-0.78","69.53"
"AUROPHARMA","1,646.00","1,668.00","1,646.00","1,653.10","1,660.00","-","6.9","0.42","536717","88.94","1,717.00","1,033.10","0.12","58.99"
"ADANIGREEN","1,301.20","1,309.80","1,285.00","1,301.30","1,288.00","-","-13.3","-1.02","685684","88.93","1,631.50","765.00","-6.15","38.59"
"INDIANB","879.70","883.55","865.40","879.70","869.40","-","-10.3","-1.17","1005311","87.49","1,000.90","660.10","-2.26","30.88"
"JINDALSTEL","1,164.50","1,168.00","1,130.00","1,165.00","1,147.90","-","-17.1","-1.47","752810","85.91","1,306.20","977.10","4.07","10.92"
"BANDHANBNK","164.95","166.42","161.67","164.95","164.70","-","-0.25","-0.15","5204215","85.39","220.76","134.25","-6.43","0.83"
"PNBHOUSING","1,166.00","1,188.90","1,163.70","1,166.00","1,182.10","-","16.1","1.38","721594","85.01","1,211.50","729.60","3.42","49.31"
"URBANCO","181.84","182.86","175.25","181.09","176.20","-","-4.89","-2.7","4774283","84.95","201.18","100.70","22.58","0"
"DLF","685.00","685.00","672.70","681.90","672.70","-","-9.2","-1.35","1252534","84.75","794.80","489.40","4.78","-10.97"
"CIPLA","1,380.00","1,395.70","1,376.80","1,385.00","1,395.00","-","10","0.72","606497","84.18","1,673.00","1,165.70","-4.7","-10.2"
"ICICIAMC","2,970.90","3,038.20","2,933.30","2,970.90","3,004.00","-","33.1","1.11","279992","83.61","3,611.00","2,530.00","-2.24","0"
"JSWINFRA","333.40","338.65","330.00","333.00","330.05","-","-2.95","-0.89","2486873","83.17","355.80","233.42","-1.7","9.98"
"BALKRISIND","2,273.00","2,295.00","2,242.60","2,284.60","2,292.80","-","8.2","0.36","364047","82.78","2,775.00","1,970.00","-7.03","-0.71"
"ABB","7,410.00","7,459.50","7,327.00","7,410.00","7,434.00","-","24","0.32","111152","82.25","7,924.50","4,637.50","-2.18","45.27"
"CHENNPETRO","1,455.00","1,461.40","1,417.00","1,452.20","1,429.70","-","-22.5","-1.55","567726","81.23","1,489.70","685.10","12.1","103.54"
"IOC","137.00","137.50","135.15","137.60","135.15","-","-2.45","-1.78","5955660","80.99","188.96","130.22","-5.74","-3.22"
"FORTIS","902.10","911.50","892.80","905.00","910.00","-","5","0.55","893344","80.77","1,104.30","766.80","-4.73","-3.99"
"ICICIPRULI","491.00","492.00","470.65","494.55","470.65","-","-23.9","-4.83","1678977","80.68","706.80","459.50","-6.07","-21.13"
"BELRISE","235.00","238.40","229.25","236.86","231.10","-","-5.76","-2.43","3431813","80.04","268.20","135.61","-6.89","69.16"
"SIEMENS","3,990.00","3,998.10","3,904.10","3,977.00","3,927.00","-","-50","-1.26","200987","79.17","4,149.40","2,826.00","-0.33","27.12"
"BLUESTARCO","1,477.30","1,503.30","1,476.40","1,484.00","1,496.00","-","12","0.81","503988","75.31","2,040.00","1,432.50","-1.19","-23.03"
"SAMMAANCAP","159.20","159.20","154.60","158.39","155.77","-","-2.62","-1.65","4790140","74.83","192.95","129.00","-4.54","13.05"
"YESBANK","22.44","22.59","22.28","22.50","22.42","-","-0.08","-0.36","33364009","74.64","25.78","17.20","-1.19","9.69"
"KPITTECH","575.85","575.90","560.00","575.45","562.25","-","-13.2","-2.29","1316814","74.49","1,328.00","543.00","-10.74","-54.4"
"BPCL","314.90","316.70","311.20","315.70","312.90","-","-2.8","-0.89","2363459","73.92","391.65","266.60","-2.52","0.13"
"HDFCAMC","2,468.80","2,473.60","2,432.00","2,458.30","2,432.00","-","-26.3","-1.07","300166","73.53","2,967.25","2,205.60","-4.44","-12.71"
"IDBI","90.00","92.65","89.73","90.63","90.94","-","0.31","0.34","7985304","72.67","118.38","61.01","7.98","2.33"
"SAILIFE","1,590.00","1,599.80","1,567.40","1,584.30","1,589.00","-","4.7","0.3","456700","72.23","1,630.00","783.85","16.39","84.71"
"ALKEM","5,219.00","5,242.50","5,104.50","5,190.00","5,242.50","-","52.5","1.01","139659","71.82","5,933.50","5,075.00","-6.72","-1.71"
"DEEPAKNTR","1,712.40","1,728.30","1,636.50","1,712.40","1,645.00","-","-67.4","-3.94","424929","70.43","1,904.40","1,280.00","-8.43","-5.97"
"EXIDEIND","422.30","427.50","416.60","424.35","425.75","-","1.4","0.33","1662688","70.12","496.40","287.00","-13.11","3.15"
"PTCIL","23,770.00","24,030.00","23,505.00","23,830.00","23,740.00","-","-90","-0.38","29308","69.81","24,125.00","13,400.00","24.45","74.78"
"ASTERDM","786.00","798.80","781.75","785.75","795.90","-","10.15","1.29","881643","69.73","891.30","519.10","-8.49","24.31"
"AFFLE","1,630.00","1,654.50","1,605.70","1,616.50","1,625.10","-","8.6","0.53","423635","69.07","2,185.90","1,251.30","-1.25","-15.77"
"SPLPETRO","774.90","805.00","771.05","771.05","804.80","-","33.75","4.38","863737","68.73","979.00","462.30","14.73","3.16"
"M&MFIN","373.40","375.40","366.00","373.65","372.95","-","-0.7","-0.19","1859254","68.63","415.00","259.45","-8.69","38.49"
"JINDALSAW","311.00","312.60","305.55","305.30","308.10","-","2.8","0.92","2210468","68.41","319.50","153.00","13.52","53.34"
"PATANJALI","344.00","344.00","336.15","342.50","340.90","-","-1.6","-0.47","1977606","67.31","615.00","328.20","-4.64","-42.84"
"NHPC","76.25","77.05","75.55","76.25","76.00","-","-0.25","-0.33","8825125","67.18","89.22","71.62","-1.2","-2.34"
"HBLENGINE","695.70","707.95","690.15","695.75","706.95","-","11.2","1.61","961999","67.09","1,122.00","613.00","-2.77","-18.03"
"EMMVEE","323.70","334.70","320.25","325.20","325.70","-","0.5","0.15","2033248","66.55","371.55","171.51","2.13","0"
"NAVINFLUOR","8,557.50","8,649.00","8,532.50","8,557.50","8,600.00","-","42.5","0.5","76404","65.71","8,775.50","4,498.50","3.98","84.41"
"GLENMARK","2,420.20","2,472.00","2,420.20","2,437.20","2,451.90","-","14.7","0.6","267568","65.69","2,537.60","1,792.60","7.58","19.49"
"LTF","314.00","315.30","310.90","314.00","312.50","-","-1.5","-0.48","2068591","64.86","338.60","226.00","1.46","35.57"
"HDFCLIFE","546.40","546.40","533.20","546.40","533.20","-","-13.2","-2.42","1190100","64.14","803.00","530.50","-1.26","-29.8"
"CPPLUS","3,705.00","3,803.10","3,705.00","3,704.60","3,747.90","-","43.3","1.17","170197","64.10","4,094.00","1,227.00","1.06","173.93"
"ICICIGI","1,517.00","1,517.00","1,493.10","1,510.00","1,493.40","-","-16.6","-1.1","426021","64.06","2,064.90","1,493.10","-8.88","-18.85"
"ANTHEM","940.05","958.85","931.10","934.05","931.50","-","-2.55","-0.27","667717","63.16","973.50","579.15","10.76","12.26"
"NH","1,867.80","1,920.00","1,867.80","1,858.50","1,913.30","-","54.8","2.95","329018","62.78","2,093.30","1,589.00","1.5","7.15"
"ZENTEC","1,801.40","1,842.00","1,780.00","1,801.40","1,804.60","-","3.2","0.18","344083","61.84","2,043.70","1,223.00","4.85","22"
"TATATECH","798.10","799.65","778.25","800.00","787.00","-","-13","-1.63","774063","61.08","891.00","507.40","-9.83","17.1"
"GICRE","361.90","362.45","348.20","358.45","352.00","-","-6.45","-1.8","1713058","60.41","417.95","341.60","-1.46","-4.18"
"ANANDRATHI","2,217.00","2,255.00","2,210.80","2,215.90","2,225.00","-","9.1","0.41","270161","60.35","2,255.00","1,353.85","5.88","51.26"
"ASIANPAINT","2,511.10","2,523.50","2,489.70","2,527.30","2,500.90","-","-26.4","-1.04","240336","60.14","2,985.70","2,115.00","-8.56","-3.06"
"BRIGADE","700.00","704.85","672.90","696.10","676.00","-","-20.1","-2.89","867916","59.42","802.01","450.75","16.16","-0.99"
"ARE&M","864.20","864.20","836.50","864.20","843.00","-","-21.2","-2.45","694840","58.67","1,057.85","670.00","-9.52","-17.21"
"MARICO","815.15","819.05","802.50","815.15","806.00","-","-9.15","-1.12","717139","57.91","889.10","690.30","-6.5","10.15"
"ACMESOLAR","422.80","423.40","409.00","418.00","412.00","-","-6","-1.44","1367600","56.85","430.50","195.90","11.77","39.05"
"TATAELXSI","3,547.60","3,547.90","3,475.00","3,558.00","3,497.00","-","-61","-1.71","161685","56.59","5,950.00","3,353.90","-7.51","-35.85"
"ABFRL","52.95","55.11","51.99","52.97","53.00","-","0.03","0.06","10440736","56.06","94.95","50.20","-16.31","-38.31"
"UNITDSPR","1,457.90","1,468.40","1,431.50","1,471.70","1,440.00","-","-31.7","-2.15","377003","54.37","1,563.40","1,210.80","-4.79","9.75"
"GRSE","2,530.00","2,542.50","2,502.00","2,533.20","2,510.00","-","-23.2","-0.92","215499","54.25","3,339.00","1,963.70","-3.42","4.31"
"PREMIERENE","999.70","1,006.60","987.00","1,002.00","990.00","-","-12","-1.2","543434","54.00","1,134.00","660.00","-5.46","-1.02"
"PFOCUS","309.00","315.00","301.00","307.00","315.00","-","8","2.61","1727525","53.44","367.00","142.05","9.53","98.9"
"CEMPRO","1,297.40","1,355.00","1,284.60","1,297.40","1,311.00","-","13.6","1.05","401585","53.34","1,649.20","503.30","8.52","81.04"
"SRF","2,536.20","2,560.00","2,526.50","2,547.00","2,546.00","-","-1","-0.04","208077","52.91","3,210.00","2,355.00","-2.64","-10.72"
"COLPAL","1,836.00","1,838.90","1,807.30","1,829.20","1,813.50","-","-15.7","-0.86","289793","52.62","2,504.00","1,782.00","-10.67","-25.16"
"ELGIEQUIP","645.95","653.40","637.30","642.10","644.90","-","2.8","0.44","807924","52.18","653.40","408.25","9.59","35.18"
"LGEINDIA","1,654.50","1,668.90","1,640.10","1,640.70","1,645.00","-","4.3","0.26","314218","51.86","1,755.00","1,304.10","3.69","0"
"KIRLOSENG","2,180.00","2,218.50","2,156.50","2,201.90","2,160.00","-","-41.9","-1.9","237548","51.75","2,720.00","855.80","-0.08","149.28"
"NCC","149.70","153.33","146.56","149.70","150.50","-","0.8","0.53","3434160","51.59","222.31","130.00","3.37","-27.13"
"THERMAX","3,638.00","3,670.00","3,593.30","3,637.60","3,619.00","-","-18.6","-0.51","141581","51.49","5,277.80","2,742.70","-10.86","9.91"
"BANKINDIA","145.00","145.50","141.44","145.00","142.02","-","-2.98","-2.06","3604727","51.32","178.36","111.33","-2.06","26.16"
"PARADEEP","157.50","159.00","155.65","157.00","158.60","-","1.6","1.02","3228904","50.87","214.76","99.70","6.12","-21.09"
"NEULANDLAB","22,565.00","22,960.00","22,415.00","22,660.00","22,955.00","-","295","1.3","22291","50.63","23,881.00","11,500.00","0.44","58.76"
"PETRONET","288.10","293.80","288.10","288.10","290.95","-","2.85","0.99","1737649","50.58","326.40","235.35","3.69","6.5"
"LODHA","1,231.90","1,231.90","1,200.00","1,222.00","1,200.00","-","-22","-1.8","410768","49.81","1,344.95","650.80","-1.53","2.14"
"GMRAIRPORT","98.05","98.48","95.65","97.45","95.94","-","-1.51","-1.55","5131436","49.62","115.64","84.11","-10.5","11.62"
"RADICO","4,470.00","4,496.00","4,433.00","4,494.00","4,444.00","-","-50","-1.11","110526","49.31","4,747.00","2,500.00","-1.22","59.44"
"IRFC","83.50","83.90","82.63","83.40","83.00","-","-0.4","-0.48","5917347","49.26","137.17","81.30","-6.48","-32.77"
"RKFORGE","700.00","711.00","691.00","700.85","706.00","-","5.15","0.73","698070","49.05","772.80","460.15","-2.83","23.76"
"MRF","1,30,200.00","1,30,300.00","1,28,705.00","1,29,945.00","1,28,980.00","-","-965","-0.74","3771","48.63","1,63,600.00","1,22,000.00","-3.88","-12.91"
"PHOENIXLTD","1,942.00","1,942.00","1,899.10","1,942.00","1,905.00","-","-37","-1.91","253740","48.53","2,169.80","1,465.60","0.5","25.49"
"DRREDDY","1,150.50","1,163.20","1,141.80","1,151.00","1,144.20","-","-6.8","-0.59","420952","48.44","1,414.90","1,101.00","-2.37","-9.77"
"SONATSOFTW","285.25","286.00","273.45","285.25","284.10","-","-1.15","-0.4","1737278","48.42","421.50","207.15","-10.67","-20.86"
"UNOMINDA","1,245.00","1,252.10","1,221.20","1,249.70","1,241.70","-","-8","-0.64","390846","48.17","1,382.00","994.00","-3.37","-4.38"
"AEGISLOG","1,274.60","1,278.70","1,238.00","1,270.20","1,264.00","-","-6.2","-0.49","378402","47.60","1,497.80","576.10","-7.8","78.7"
"FLUOROCHEM","4,574.00","4,603.80","4,470.00","4,554.00","4,533.00","-","-21","-0.46","104652","47.30","4,958.90","2,916.60","0.33","35.16"
"VOLTAS","1,170.00","1,176.40","1,164.40","1,170.00","1,167.20","-","-2.8","-0.24","402813","47.15","1,582.50","1,151.00","-9.17","-18.54"
"GLAXO","2,937.90","3,075.00","2,932.70","2,958.10","2,967.00","-","8.9","0.3","155659","46.55","3,120.70","2,088.10","14.13","7.1"
"LLOYDSME","1,820.00","1,823.00","1,801.10","1,823.00","1,804.00","-","-19","-1.04","257764","46.50","2,125.00","1,042.90","-14.14","39.48"
"360ONE","1,141.80","1,143.50","1,127.20","1,137.00","1,136.90","-","-0.1","-0.01","407077","46.18","1,236.20","906.05","-2.67","9.57"
"TORNTPOWER","1,307.00","1,323.00","1,271.20","1,299.10","1,282.00","-","-17.1","-1.32","349676","45.30","1,824.10","1,188.00","-5.09","1.51"
"ACUTAAS","3,168.50","3,212.70","3,160.00","3,168.50","3,192.00","-","23.5","0.74","141224","45.02","3,740.00","1,302.00","-3.21","116.47"
"BAJAJHLDNG","11,200.00","11,200.00","10,956.00","11,162.00","10,956.00","-","-206","-1.85","40066","44.23","13,880.00","8,588.00","-2.73","-15.24"
"IEX","119.49","119.88","117.21","118.91","117.50","-","-1.41","-1.19","3730649","44.03","160.27","114.60","-7.55","-17.22"
"RPOWER","22.08","22.52","21.73","22.08","21.98","-","-0.1","-0.45","19788828","43.65","50.73","20.17","-9.7","-53.15"
"JMFINANCIL","132.77","132.85","129.00","132.06","130.24","-","-1.82","-1.38","3350488","43.64","195.60","112.00","2.18","-29.36"
"STARHEALTH","552.85","574.00","546.95","557.35","573.95","-","16.6","2.98","776080","43.06","624.90","416.55","0.72","29.93"
"SAGILITY","46.82","46.97","45.88","46.82","45.95","-","-0.87","-1.86","9292276","42.89","57.89","35.83","5.22","7.01"
"KARURVYSYA","348.00","351.20","341.00","348.85","341.50","-","-7.35","-2.11","1235358","42.61","358.65","201.82","1.77","65.7"
"PAGEIND","36,300.00","36,495.00","35,625.00","36,300.00","35,825.00","-","-475","-1.31","11706","42.06","45,890.00","29,805.00","-10.21","-19.1"
"SHREECEM","23,855.00","23,920.00","23,365.00","23,855.00","23,365.00","-","-490","-2.05","17715","41.67","30,750.00","22,550.00","-10.17","-22.22"
"MRPL","175.70","176.88","172.25","174.83","173.00","-","-1.83","-1.05","2388877","41.47","212.31","124.21","3.59","36.8"
"NUVAMA","1,815.60","1,859.00","1,815.00","1,815.60","1,835.50","-","19.9","1.1","217617","39.97","2,066.00","1,096.90","11.74","40.99"
"CYIENT","1,098.10","1,117.60","1,074.20","1,101.80","1,102.10","-","0.3","0.03","362143","39.67","1,284.70","750.30","28.52","-5.44"
"JSL","737.95","741.00","728.00","737.85","735.00","-","-2.85","-0.39","536059","39.45","884.00","652.25","0.05","-2.74"
"HOMEFIRST","1,209.60","1,244.90","1,206.10","1,210.10","1,239.00","-","28.9","2.39","315751","38.88","1,317.70","893.70","3.79","-1.76"
"CROMPTON","231.99","233.18","229.63","232.40","231.02","-","-1.38","-0.59","1668593","38.63","337.00","217.40","-7.57","-29.48"
"JAINREC","277.90","290.60","277.90","277.95","282.90","-","4.95","1.78","1350135","38.45","593.95","247.57","-8.27","0"
"OBEROIRLTY","1,876.00","1,885.50","1,847.50","1,875.60","1,847.50","-","-28.1","-1.5","206196","38.43","1,986.10","1,391.20","4.08","13.44"
"COHANCE","450.00","458.20","443.50","456.60","451.80","-","-4.8","-1.05","845966","37.98","1,038.90","266.70","1.36","-51.05"
"GRAPHITE","734.50","739.75","714.05","733.60","719.45","-","-14.15","-1.93","519646","37.60","802.40","513.75","1.34","39.31"
"APTUS","258.00","258.85","252.35","258.85","255.52","-","-3.33","-1.29","1460350","37.38","353.25","193.03","-1.97","-24.41"
"PGEL","560.00","564.65","554.50","562.30","559.55","-","-2.75","-0.49","667138","37.35","644.40","436.55","-11.27","0.97"
"GPIL","242.79","245.20","239.43","240.67","245.20","-","4.53","1.88","1531854","37.13","320.00","221.21","1.91","1.17"
"NLCINDIA","275.80","278.00","268.30","273.05","269.95","-","-3.1","-1.14","1349980","36.72","387.80","225.72","-11.32","18.12"
"LALPATHLAB","1,880.00","1,913.00","1,870.10","1,877.50","1,900.00","-","22.5","1.2","191362","36.29","1,988.90","1,272.60","-1.64","16.94"
"PRESTIGE","1,595.00","1,595.00","1,550.00","1,587.00","1,550.00","-","-37","-2.33","231985","36.24","1,805.20","1,090.00","-2.2","2.62"
"PCBL","316.00","322.80","313.35","317.00","317.50","-","0.5","0.16","1125415","35.87","425.95","226.50","-1.37","-15.06"
"CONCOR","507.90","510.30","501.30","508.00","503.90","-","-4.1","-0.81","705152","35.63","569.80","421.45","-0.26","-7.07"
"ANURAS","1,258.80","1,266.30","1,227.10","1,238.70","1,239.40","-","0.7","0.06","286021","35.58","1,415.00","1,045.20","2.04","11.6"
"MANKIND","2,317.00","2,331.60","2,303.50","2,327.90","2,318.00","-","-9.9","-0.43","153500","35.55","2,674.00","1,909.70","-5.62","-9.12"
"AMBUJACEM","403.00","405.35","398.60","405.00","398.60","-","-6.4","-1.58","879449","35.23","600.80","394.00","-8.16","-29.66"
"TATACAP","375.05","375.05","365.15","375.05","369.10","-","-5.95","-1.59","934265","34.44","390.20","296.00","-0.32","0"
"CAMS","748.00","748.80","736.50","748.80","736.50","-","-12.3","-1.64","452436","33.59","844.90","611.40","-6.48","-3.91"
"POLYMED","1,705.00","1,767.80","1,695.10","1,702.50","1,707.00","-","4.5","0.26","193636","33.50","2,144.90","1,182.00","0.78","-16.4"
"IREDA","113.27","113.99","112.60","113.64","112.95","-","-0.69","-0.61","2955590","33.40","163.35","108.65","-5.72","-22.38"
"EMAMILTD","366.65","370.95","364.70","366.05","366.15","-","0.1","0.03","907011","33.39","618.00","361.15","-11.25","-39.47"
"LEMONTREE","105.49","107.49","105.38","104.95","107.22","-","2.27","2.16","3117893","33.24","180.68","99.61","-3.41","-38.79"
"HONASA","470.00","474.90","464.00","471.05","470.00","-","-1.05","-0.22","703603","33.06","509.80","248.40","-1.59","56.72"
"LTFOODS","443.80","454.95","440.00","444.80","449.55","-","4.75","1.07","729443","32.74","490.70","333.15","5.15","1.46"
"TIINDIA","2,690.00","2,709.00","2,679.00","2,698.00","2,683.00","-","-15","-0.56","121565","32.70","3,419.90","2,164.90","-3.21","-10.29"
"CLEAN","831.95","858.70","829.60","836.15","844.50","-","8.35","1","386433","32.65","1,217.90","652.00","6.21","-28.99"
"BAJAJHFL","82.91","84.98","82.50","83.08","84.09","-","1.01","1.22","3878435","32.48","117.00","72.65","-1.98","-25.06"
"ECLERX","1,905.70","1,910.70","1,858.00","1,905.70","1,909.10","-","3.4","0.18","171958","32.39","2,497.50","1,320.00","7.91","-11.01"
"OLECTRA","1,229.00","1,238.00","1,203.50","1,229.00","1,210.00","-","-19","-1.55","266992","32.38","1,714.20","866.60","-12.64","-20.65"
"SWANCORP","280.50","283.85","273.90","281.50","280.00","-","-1.5","-0.53","1155945","32.26","506.00","273.90","-9.11","-38.48"
"TATACOMM","1,754.10","1,754.10","1,725.00","1,756.10","1,740.00","-","-16.1","-0.92","185621","32.25","2,110.00","1,322.50","-0.87","12.29"
"CAPLIPOINT","2,797.10","2,836.00","2,778.00","2,810.80","2,821.00","-","10.2","0.36","111399","31.29","2,877.30","1,500.30","9.59","31.92"
"CASTROLIND","191.80","191.80","188.17","190.27","189.00","-","-1.27","-0.67","1639217","31.07","210.75","170.10","-1.6","-4.43"
"TATACHEM","625.00","627.15","611.10","625.10","612.00","-","-13.1","-2.1","501210","30.87","1,026.65","580.30","-9.14","-34.44"
"CRAFTSMAN","11,456.00","11,456.00","11,100.00","11,398.00","11,250.00","-","-148","-1.3","27397","30.82","11,539.00","6,324.00","7.32","63.19"
"CANFINHOME","805.80","814.40","795.00","807.40","808.00","-","0.6","0.07","378816","30.50","971.50","733.00","-0.41","7.08"
"SCI","295.35","298.25","292.60","295.35","293.65","-","-1.7","-0.58","1033416","30.48","368.75","195.55","-3.64","40.54"
"BSOFT","289.35","289.40","281.15","289.35","282.80","-","-6.55","-2.26","1074663","30.45","474.00","270.20","-11.21","-24.71"
"ZENSARTECH","462.70","463.10","450.00","461.55","452.75","-","-8.8","-1.91","659073","29.92","868.95","423.00","-9.27","-41.68"
"JUBLPHARMA","928.00","954.20","918.00","924.50","950.45","-","25.95","2.81","317471","29.82","1,184.80","786.05","1.98","-11.21"
"NUVOCO","352.85","353.45","341.00","352.15","345.10","-","-7.05","-2","863221","29.78","477.50","276.25","-0.2","-25.61"
"MEDANTA","1,474.10","1,481.20","1,420.40","1,469.80","1,423.00","-","-46.8","-3.18","204437","29.36","1,544.00","956.00","-2.24","1.04"
"TBOTEK","1,684.00","1,719.90","1,672.00","1,688.90","1,702.90","-","14","0.83","172047","29.33","1,764.80","1,004.20","5.71","10.43"
"KEC","408.55","409.80","399.55","408.55","401.90","-","-6.65","-1.63","720450","29.02","937.80","399.55","-16.07","-52.89"
"KFINTECH","928.80","932.80","918.05","928.90","922.50","-","-6.4","-0.69","301718","27.93","1,215.00","784.95","-1.44","-15.17"
"NEWGEN","524.80","526.30","515.90","524.80","521.00","-","-3.8","-0.72","537213","27.90","1,041.95","401.05","-5.44","-41.25"
"USHAMART","514.15","515.10","498.45","514.15","499.00","-","-15.15","-2.95","545048","27.44","529.30","374.00","-3.12","30.65"
"SUNTV","470.95","470.95","451.50","470.90","452.90","-","-18","-3.82","589224","26.91","660.70","451.50","-6.94","-18.59"
"MSUMI","36.35","37.05","36.27","36.52","36.95","-","0.43","1.18","7282689","26.83","53.59","35.70","-10.23","-18.2"
"CARBORUNIV","1,139.40","1,151.00","1,095.00","1,130.60","1,109.70","-","-20.9","-1.85","237087","26.69","1,306.90","735.20","1.16","17.31"
"DELHIVERY","456.00","458.75","450.40","457.90","453.80","-","-4.1","-0.9","583502","26.48","524.00","374.45","-4.12","-3.19"
"NSLNISP","46.65","46.98","45.44","46.02","45.88","-","-0.14","-0.3","5748765","26.47","53.75","33.01","4.65","8.05"
"SHYAMMETL","1,065.20","1,090.00","1,053.20","1,065.30","1,089.00","-","23.7","2.22","244531","26.33","1,111.00","746.00","8.15","17.24"
"DEEPAKFERT","1,362.00","1,368.90","1,337.20","1,362.10","1,347.00","-","-15.1","-1.11","194988","26.29","1,681.00","866.40","-12.41","-4.04"
"AWL","187.29","189.09","185.21","187.29","188.06","-","0.77","0.41","1402294","26.26","282.90","171.19","-4.78","-28.43"
"CESC","146.50","150.00","145.00","146.50","145.80","-","-0.7","-0.48","1756003","25.78","204.50","138.12","-11.07","-5.01"
"ABDL","609.90","610.40","596.85","609.95","600.00","-","-9.95","-1.63","428345","25.72","711.70","382.10","0.13","19.84"
"BLUEJET","570.80","572.90","561.00","569.80","570.00","-","0.2","0.04","454178","25.67","759.50","325.00","-4.02","-23.36"
"PIIND","2,454.00","2,468.50","2,428.00","2,465.00","2,430.00","-","-35","-1.42","104432","25.51","3,832.90","2,353.50","-12.42","-33.68"
"AARTIIND","493.25","495.75","487.35","492.05","490.50","-","-1.55","-0.32","518899","25.51","551.75","338.05","-2.31","30.26"
"AJANTPHARM","3,445.00","3,539.00","3,438.00","3,464.80","3,516.50","-","51.7","1.49","72590","25.50","3,796.00","2,329.90","0.78","34.52"
"ATGL","613.05","617.00","601.90","612.35","605.00","-","-7.35","-1.2","415933","25.30","859.85","462.80","-7.99","2.47"
"NATCOPHARM","829.00","841.50","828.00","828.65","840.80","-","12.15","1.47","301243","25.16","1,226.80","789.00","-8.27","-1.4"
"CANHLIFE","158.50","158.50","152.95","157.23","153.85","-","-3.38","-2.15","1602353","24.77","166.69","106.00","1.09","0"
"GODFRYPHLP","2,051.00","2,058.90","2,011.00","2,051.00","2,029.00","-","-22","-1.07","120277","24.41","3,947.00","1,832.10","-11.24","-45.03"
"KPRMILL","1,180.00","1,182.00","1,144.40","1,186.30","1,157.00","-","-29.3","-2.47","204839","23.70","1,334.00","796.10","7.46","16.96"
"EIDPARRY","782.00","796.80","771.25","781.35","778.00","-","-3.35","-0.43","301706","23.67","1,131.80","698.20","-3.37","-30.09"
"IGIL","324.05","324.05","312.05","323.50","320.00","-","-3.5","-1.08","742176","23.55","392.00","287.00","-10.06","-8.23"
"UBL","1,283.80","1,305.10","1,275.30","1,279.40","1,288.40","-","9","0.7","181984","23.50","1,852.00","1,275.30","-7.99","-29.41"
"SUNDARMFIN","4,639.90","4,732.80","4,625.10","4,648.70","4,700.00","-","51.3","1.1","49899","23.33","5,642.00","4,000.00","2.08","3.58"
"ITCHOTELS","161.00","161.00","157.50","161.23","157.70","-","-3.53","-2.19","1451816","23.04","253.67","137.30","-7.59","-35.31"
"EMCURE","1,934.80","1,960.10","1,915.10","1,927.60","1,920.00","-","-7.6","-0.39","118478","22.87","2,048.00","1,260.00","-2.95","39.87"
"IKS","1,769.80","1,799.00","1,752.40","1,759.90","1,786.00","-","26.1","1.48","127280","22.74","1,933.00","1,262.00","2.78","13.2"
"TARIL","302.10","303.80","296.70","300.95","299.60","-","-1.35","-0.45","746125","22.35","552.00","224.05","0.6","-40.51"
"LTTS","3,470.00","3,484.80","3,400.10","3,493.30","3,415.90","-","-77.4","-2.22","64566","22.10","4,726.00","3,010.00","-5.08","-17.1"
"CHOICEIN","762.00","768.95","751.85","760.95","756.00","-","-4.95","-0.65","290500","22.04","860.50","568.70","-10.12","-3.89"
"ONESOURCE","1,552.90","1,573.00","1,530.00","1,537.80","1,569.00","-","31.2","2.03","140096","21.80","1,925.00","1,057.00","-0.44","-16.24"
"FSL","265.05","266.00","256.85","264.40","259.40","-","-5","-1.89","821088","21.31","379.70","202.00","-7.31","-25.86"
"BLS","239.00","244.07","238.20","238.79","238.80","-","0.01","0","877913","21.10","373.50","218.90","-6.11","-34.91"
"POONAWALLA","468.00","468.05","456.30","468.45","457.00","-","-11.45","-2.44","452170","20.83","570.40","361.20","-4.8","5.89"
"ABSLAMC","1,062.30","1,064.10","1,035.00","1,062.30","1,049.40","-","-12.9","-1.21","197790","20.65","1,224.90","708.00","2.35","26.72"
"GRAVITA","1,661.60","1,692.80","1,660.90","1,661.60","1,673.00","-","11.4","0.69","120216","20.20","1,913.60","1,266.90","-3.41","-1.21"
"INDGN","602.80","604.85","591.85","601.50","598.00","-","-3.5","-0.58","336187","20.08","615.50","414.00","7.85","6.52"
"GMDCLTD","562.95","564.65","556.80","562.95","557.50","-","-5.45","-0.97","357732","19.99","771.90","451.90","-4.34","9.53"
"GABRIEL","1,353.10","1,374.00","1,326.70","1,353.20","1,372.00","-","18.8","1.39","147826","19.94","1,600.00","795.70","-8.52","14.17"
"IRCTC","476.05","477.70","473.65","476.05","475.00","-","-1.05","-0.22","405838","19.28","739.00","470.70","-8.65","-33.48"
"SAREGAMA","492.60","502.00","484.05","492.75","493.70","-","0.95","0.19","382387","18.92","574.50","307.05","-4.91","0.72"
"JKCEMENT","5,083.50","5,106.50","5,021.00","5,083.50","5,049.50","-","-34","-0.67","37329","18.89","7,000.00","4,671.50","-6.13","-23.88"
"JUBLFOOD","482.00","484.20","472.10","482.70","475.40","-","-7.3","-1.51","391181","18.69","667.75","408.55","-2.28","-27.53"
"APOLLOTYRE","428.00","430.00","419.00","429.55","421.00","-","-8.55","-1.99","438180","18.48","540.50","365.30","-5.39","-12.8"
"CEATLTD","3,368.00","3,368.00","3,287.00","3,333.20","3,336.10","-","2.9","0.09","55616","18.48","4,438.00","3,061.20","-10.39","-0.44"
"IPCALAB","1,965.40","1,978.40","1,943.70","1,965.30","1,962.00","-","-3.3","-0.17","92425","18.08","2,001.50","1,251.60","13.03","46.97"
"DEVYANI","138.93","140.57","137.11","139.28","140.10","-","0.82","0.59","1286011","17.82","191.00","91.55","3.99","-22.05"
"AEGISVOPAK","281.65","287.00","279.55","284.50","285.00","-","0.5","0.18","615354","17.46","311.49","158.00","-0.11","20.23"
"SYNGENE","395.00","396.30","387.25","395.60","388.00","-","-7.6","-1.92","444340","17.33","678.95","375.25","-3.89","-40.16"
"IGL","157.00","157.00","154.50","158.04","155.69","-","-2.35","-1.49","1105359","17.17","223.50","141.74","2.47","-26.92"
"SARDAEN","508.80","515.40","503.70","508.55","512.00","-","3.45","0.68","336777","17.17","639.75","453.10","2.89","-10.08"
"RAINBOW","1,447.20","1,487.60","1,442.00","1,447.20","1,468.40","-","21.2","1.46","115787","17.07","1,610.00","1,084.00","-5.67","-2.78"
"COROMANDEL","1,937.10","1,980.00","1,925.10","1,938.80","1,972.20","-","33.4","1.72","86472","16.97","2,499.00","1,706.50","-4.69","-12.65"
"INTELLECT","690.70","691.00","675.70","686.65","681.30","-","-5.35","-0.78","244782","16.65","1,244.60","595.20","-5.55","-24.85"
"CCL","1,103.80","1,109.90","1,085.00","1,106.20","1,108.00","-","1.8","0.16","151259","16.56","1,242.20","815.50","-1.95","20.7"
"WHIRLPOOL","818.40","825.00","809.00","815.95","814.00","-","-1.95","-0.24","199585","16.25","1,437.00","751.00","0.1","-40.01"
"SCHNEIDER","1,224.20","1,228.80","1,190.00","1,232.40","1,198.00","-","-34.4","-2.79","134222","16.18","1,548.00","571.85","-11.57","34.59"
"NBCC","86.32","86.59","85.62","86.60","86.00","-","-0.6","-0.69","1862601","16.02","125.85","77.18","-9.79","-15.92"
"J&KBANK","150.09","150.09","146.50","150.02","148.29","-","-1.73","-1.15","1078053","15.93","201.75","97.35","-6.88","46.75"
"CREDITACC","1,448.00","1,448.50","1,420.00","1,443.10","1,425.00","-","-18.1","-1.25","110842","15.85","1,634.00","1,113.00","-6.47","6.34"
"IRCON","119.00","120.09","117.50","119.25","117.80","-","-1.45","-1.22","1299800","15.40","189.50","114.50","-10.25","-30.28"
"JWL","243.24","248.40","243.24","243.24","245.00","-","1.76","0.72","625971","15.36","358.25","235.65","-5.77","-24.23"
"KAJARIACER","1,235.00","1,239.60","1,215.00","1,239.60","1,219.00","-","-20.6","-1.66","124971","15.33","1,293.80","869.60","4.43","-0.34"
"VIJAYA","1,493.20","1,527.50","1,487.90","1,493.20","1,497.00","-","3.8","0.25","101311","15.27","1,573.00","848.00","10.8","35.21"
"CHAMBLFERT","420.00","421.95","416.45","419.05","418.50","-","-0.55","-0.13","364232","15.23","580.00","399.75","-7.14","-24.38"
"BERGEPAINT","485.40","488.95","480.55","485.30","484.70","-","-0.6","-0.12","305409","14.81","594.55","391.10","-8.64","-10.02"
"ENDURANCE","2,782.80","2,798.90","2,745.10","2,782.80","2,769.90","-","-12.9","-0.46","53026","14.66","3,079.90","2,142.80","-4.63","-6.67"
"FIVESTAR","519.00","530.95","519.00","523.05","525.10","-","2.05","0.39","276188","14.53","666.00","338.15","-3.34","-1.36"
"SIGNATURE","798.70","804.00","791.85","796.55","799.95","-","3.4","0.43","179010","14.26","1,158.00","705.20","-0.29","-27.8"
"ABBOTINDIA","26,150.00","26,195.00","25,810.00","26,065.00","25,905.00","-","-160","-0.61","5392","13.98","32,755.00","25,150.00","-6.93","-16.84"
"DALBHARAT","1,750.00","1,752.10","1,701.20","1,749.30","1,715.00","-","-34.3","-1.96","81213","13.97","2,496.30","1,605.00","-6.15","-28.85"
"JSWCEMENT","123.60","125.00","121.16","124.07","121.44","-","-2.63","-2.12","1140728","13.97","162.15","106.65","-9.57","-19.1"
"RAMCOCEM","884.55","890.00","868.00","884.50","868.90","-","-15.6","-1.76","156814","13.76","1,214.50","838.30","-6.95","-18.78"
"KPIL","1,406.60","1,427.90","1,400.10","1,406.60","1,420.00","-","13.4","0.95","96907","13.73","1,479.60","1,007.10","7.8","12.32"
"LATENTVIEW","266.25","268.55","258.75","267.25","262.05","-","-5.2","-1.95","522059","13.65","517.50","248.00","-11.83","-38.92"
"ATUL","6,351.50","6,400.00","6,302.50","6,386.00","6,302.50","-","-83.5","-1.31","21154","13.41","7,180.00","5,560.50","-6.96","0.06"
"SJVN","65.00","66.07","64.70","65.23","65.60","-","0.37","0.57","2007816","13.15","95.58","63.02","-3.47","-29.21"
"CHALET","900.00","913.45","893.10","896.75","911.00","-","14.25","1.59","144926","13.14","1,070.10","691.35","5.97","-10.77"
"AADHARHFC","483.50","485.00","471.00","483.55","475.35","-","-8.2","-1.7","270755","12.90","563.00","430.15","-6.13","-7.44"
"HUDCO","180.60","181.05","178.54","180.52","179.15","-","-1.37","-0.76","716189","12.85","246.85","159.00","-10.89","-16.83"
"THELEELA","554.95","556.95","541.00","554.05","542.00","-","-12.05","-2.17","234413","12.79","582.85","384.50","4.63","31.94"
"BHARTIHEXA","1,502.80","1,534.60","1,498.00","1,495.40","1,525.00","-","29.6","1.98","83814","12.72","1,955.60","1,430.00","-0.9","-12.65"
"CRISIL","4,800.00","4,838.70","4,769.00","4,802.00","4,773.70","-","-28.3","-0.59","26082","12.53","5,115.00","3,686.00","3.62","-4.68"
"JBMA","622.80","625.50","610.90","625.60","614.00","-","-11.6","-1.85","203154","12.52","790.00","477.00","-5.34","0.07"
"TECHNOE","983.00","986.75","957.25","979.50","962.50","-","-17","-1.74","129751","12.52","1,566.70","870.00","-9.73","-36.09"
"ZFCVINDIA","2,550.40","2,551.00","2,471.10","2,551.90","2,494.70","-","-57.2","-2.24","49999","12.49","3,044.00","2,050.33","-5.4","10.69"
"AFCONS","291.55","296.20","290.50","292.80","293.45","-","0.65","0.22","425086","12.46","479.40","259.10","7","-33.15"
"VTL","592.00","598.50","586.40","598.20","589.00","-","-9.2","-1.54","209417","12.41","688.00","385.50","-2.93","44.81"
"SCHAEFFLER","3,956.40","4,025.50","3,900.00","3,956.40","3,994.60","-","38.2","0.97","31084","12.29","4,467.70","3,518.40","-1.01","5.63"
"ACE","1,125.40","1,131.00","1,111.00","1,125.40","1,113.00","-","-12.4","-1.1","109007","12.17","1,196.00","745.10","1.71","5.34"
"TRITURBINE","577.30","578.90","565.50","577.30","572.00","-","-5.3","-0.92","209558","11.97","787.60","428.35","-10.13","11.93"
"TENNIND","520.00","522.85","514.50","517.55","515.45","-","-2.1","-0.41","229138","11.84","657.00","438.05","-8.41","0"
"CENTRALBK","31.03","31.15","30.80","31.08","30.96","-","-0.12","-0.39","3821575","11.82","40.92","29.32","-1.28","-12"
"NTPCGREEN","89.39","89.50","88.06","89.36","88.25","-","-1.11","-1.24","1311104","11.60","119.95","84.00","-3.55","-15.19"
"ACC","1,287.00","1,288.50","1,265.50","1,283.80","1,271.00","-","-12.8","-1","90302","11.48","1,987.00","1,251.70","-6.74","-30.51"
"UCOBANK","24.75","24.90","24.32","24.78","24.45","-","-0.33","-1.33","4573497","11.23","34.20","22.22","-7.39","-14.57"
"ELECON","431.65","434.30","423.15","433.75","427.75","-","-6","-1.38","259797","11.11","634.90","352.00","-2.31","-22.76"
"MGL","1,097.00","1,105.00","1,088.10","1,096.60","1,090.00","-","-6.6","-0.6","99788","10.92","1,378.00","900.00","-4.35","-14.94"
"RAILTEL","271.00","274.50","268.05","271.05","270.30","-","-0.75","-0.28","399954","10.83","412.90","245.00","-6.32","-21.54"
"AAVAS","1,291.00","1,311.40","1,285.20","1,304.20","1,306.60","-","2.4","0.18","82507","10.71","1,771.90","1,060.40","-4.73","-17.89"
"FIRSTCRY","180.16","181.25","176.01","180.16","177.35","-","-2.81","-1.56","583428","10.38","438.70","168.15","-17.2","-55.78"
"KIMS","760.00","770.60","758.10","764.10","765.70","-","1.6","0.21","135387","10.33","858.00","575.80","-5.6","3.06"
"ASAHIINDIA","960.00","960.40","949.00","955.90","959.00","-","3.1","0.32","106030","10.11","1,074.00","775.10","6.71","18.36"
"JSWDULUX","3,182.00","3,238.50","3,161.00","3,174.50","3,185.00","-","10.5","0.33","31552","10.07","3,745.00","2,658.70","5.75","-5.85"
"IRB","19.60","19.67","19.23","19.65","19.26","-","-0.39","-1.98","4864321","9.41","23.95","18.76","-2.13","-8.98"
"MINDACORP","690.05","700.15","690.05","702.80","696.30","-","-6.5","-0.92","134028","9.33","769.00","468.50","-3.51","38.15"
"INDIAMART","1,726.40","1,727.90","1,703.40","1,726.40","1,707.80","-","-18.6","-1.08","54073","9.25","2,630.00","1,703.40","-2.69","-33.16"
"CHOLAHLDNG","1,523.00","1,533.10","1,495.30","1,525.70","1,520.10","-","-5.6","-0.37","60819","9.23","2,064.00","1,305.00","-6.63","-13.63"
"LINDEINDIA","6,346.00","6,394.50","6,300.50","6,346.00","6,380.00","-","34","0.54","14317","9.08","8,049.00","5,673.00","-10.3","-0.71"
"CONCORDBIO","1,417.10","1,456.10","1,417.00","1,417.10","1,449.90","-","32.8","2.31","62119","8.94","1,730.00","987.00","6.22","-12.54"
"ABREL","1,373.60","1,384.00","1,356.10","1,373.60","1,380.20","-","6.6","0.48","65234","8.93","1,965.30","1,080.10","-0.19","-23.42"
"JKTYRE","368.45","369.90","366.55","367.35","368.00","-","0.65","0.18","241365","8.89","611.90","341.15","-6.81","5.72"
"BBTC","1,517.60","1,524.50","1,468.10","1,496.80","1,479.80","-","-17","-1.14","58433","8.68","2,135.00","1,314.60","-1.62","-20.18"
"CIEINDIA","390.00","390.00","382.30","385.35","383.00","-","-2.35","-0.61","224191","8.63","526.00","382.25","-6.7","-2.74"
"PFIZER","4,598.80","4,610.00","4,557.00","4,609.70","4,601.00","-","-8.7","-0.19","17548","8.05","5,578.50","4,360.10","-5.73","-10.1"
"MAPMYINDIA","980.00","982.00","963.80","972.20","977.40","-","5.2","0.53","80595","7.85","1,998.00","795.00","-3.64","-40.74"
"SAPPHIRE","228.04","230.00","225.09","228.43","230.00","-","1.57","0.69","329020","7.49","347.90","139.91","2.58","-28.4"
"GODREJIND","1,171.00","1,184.90","1,148.80","1,163.50","1,170.00","-","6.5","0.56","64123","7.47","1,443.00","744.20","-10.79","-2.65"
"ESCORTS","2,965.00","2,985.30","2,936.00","2,968.80","2,955.00","-","-13.8","-0.46","25297","7.46","4,180.00","2,700.00","-4.06","-19.93"
"JUBLINGREA","680.70","684.95","669.15","680.30","677.60","-","-2.7","-0.4","107000","7.24","795.00","537.30","-8.46","-5.6"
"GILLETTE","7,312.50","7,391.00","7,280.00","7,312.50","7,382.50","-","70","0.96","9738","7.14","10,740.00","7,206.00","-3.92","-29.43"
"AIIL","517.75","519.50","509.00","519.90","518.90","-","-1","-0.19","136349","7.00","683.00","400.00","-13.02","-16.01"
"AIAENG","4,231.20","4,249.00","4,180.00","4,231.20","4,239.00","-","7.8","0.18","15736","6.63","5,180.00","3,002.00","-11.24","38.87"
"NAVA","563.00","563.00","554.10","560.20","557.60","-","-2.6","-0.46","118784","6.62","739.40","501.65","-4.17","-17.84"
"HEXT","528.60","528.60","518.05","528.60","523.50","-","-5.1","-0.96","126595","6.62","807.75","400.20","-7.28","-27.42"
"MMTC","64.50","64.62","63.50","64.18","63.67","-","-0.51","-0.79","1021196","6.53","78.35","50.10","-0.48","-1.35"
"SBFC","99.70","99.80","97.50","100.08","98.61","-","-1.47","-1.47","647488","6.37","123.00","79.60","4.63","-7.69"
"HONAUT","35,660.00","35,895.00","35,380.00","35,655.00","35,600.00","-","-55","-0.15","1788","6.37","41,495.00","26,220.00","-6.07","0.56"
"DOMS","2,203.00","2,225.00","2,195.00","2,208.70","2,201.00","-","-7.7","-0.35","28632","6.31","2,770.00","2,023.90","-2.64","-16.83"
"TATAINVEST","629.15","631.55","625.75","633.70","627.50","-","-6.2","-0.98","94363","5.92","1,184.70","538.85","-9.54","-7.15"
"DCMSHRIRAM","1,019.90","1,025.40","1,005.00","1,020.90","1,013.90","-","-7","-0.69","56453","5.71","1,414.40","945.10","-0.29","-18.46"
"UTIAMC","883.70","892.75","879.00","880.55","889.00","-","8.45","0.96","64072","5.68","1,418.00","866.00","-0.85","-32.9"
"TIMKEN","3,148.00","3,150.00","3,085.00","3,125.30","3,085.00","-","-40.3","-1.29","18234","5.67","3,925.00","2,800.50","-7.94","7.21"
"RHIM","371.80","375.15","369.00","371.35","373.30","-","1.95","0.53","150341","5.59","508.30","323.05","-9.57","-21.34"
"RITES","215.80","217.94","214.11","215.80","216.00","-","0.2","0.09","244159","5.27","280.90","175.00","-7.79","-17.62"
"TRIDENT","24.17","24.23","23.92","24.16","24.06","-","-0.1","-0.41","2135046","5.12","30.94","21.98","-4.45","-14.8"
"IOB","33.55","33.63","33.02","33.55","33.06","-","-0.49","-1.46","1509216","5.00","41.80","31.20","-3.5","-14.11"
"TTML","37.74","38.09","36.60","37.74","37.35","-","-0.39","-1.03","1329750","4.99","60.62","31.22","-5.13","-35.03"
"SOBHA","1,276.00","1,276.00","1,243.20","1,263.80","1,260.00","-","-3.8","-0.3","38511","4.82","1,732.00","1,130.00","-5.9","-10.49"
"SUMICHEM","493.40","497.70","485.20","493.40","488.95","-","-4.45","-0.9","96847","4.76","617.45","362.60","-8.26","-14.14"
"ABLBL","86.90","87.40","84.99","86.07","85.60","-","-0.47","-0.55","543434","4.68","151.33","82.61","-8.8","-39.55"
"ITI","272.10","275.90","269.15","272.50","271.00","-","-1.5","-0.55","171656","4.68","372.85","237.00","-4.04","-12.03"
"BATAINDIA","672.75","675.00","667.50","672.75","668.75","-","-4","-0.59","68230","4.58","1,282.50","605.00","-7.18","-46.16"
"3MINDIA","32,700.00","32,985.00","32,480.00","32,845.00","32,950.00","-","105","0.32","1326","4.34","38,030.00","28,730.00","-8.56","8.44"
"FACT","799.50","808.95","791.30","801.40","796.95","-","-4.45","-0.56","53413","4.25","1,058.60","652.10","-5.06","-19.54"
"BIKAJI","585.10","587.00","577.10","584.20","582.00","-","-2.2","-0.38","73330","4.25","818.70","577.10","-6.66","-27.25"
"ERIS","1,327.40","1,341.00","1,318.20","1,321.70","1,338.00","-","16.3","1.23","27451","3.64","1,797.60","1,200.00","-3.21","-22.62"
"EIHOTEL","294.00","294.85","290.50","291.90","294.50","-","2.6","0.89","112598","3.30","434.80","271.15","-3.93","-28.37"
"GALLANTT","574.50","577.80","566.05","574.00","575.00","-","1","0.17","54832","3.14","948.00","496.25","-5.04","-10.17"
"BAYERCROP","4,009.80","4,010.80","3,966.00","3,989.90","3,975.00","-","-14.9","-0.37","7323","2.91","5,489.00","3,935.00","-4.84","-21.79"
"TRAVELFOOD","1,296.50","1,312.40","1,280.20","1,296.30","1,281.00","-","-15.3","-1.18","22411","2.90","1,470.90","1,035.30","-10.33","-2.15"
"GODIGIT","260.00","260.75","254.85","258.30","255.50","-","-2.8","-1.08","110938","2.84","381.40","244.20","-6.15","-27.84"
"NIVABUPA","80.10","81.25","80.00","80.11","80.70","-","0.59","0.74","337165","2.72","91.40","67.50","-6.37","-4.69"
"BLUEDART","4,991.70","4,996.60","4,953.00","4,991.70","4,975.00","-","-16.7","-0.33","4441","2.21","7,036.00","4,628.50","-2.25","-12.8"
"INDIACEM","362.00","362.20","355.00","362.50","357.10","-","-5.4","-1.49","33475","1.20","485.80","342.35","-10.31","-9.64"